[{"pk": 1, "model": "shifty.event", "fields": {"start": "2014-04-16T16:00:00Z", "description": "", "title": "Fredagspub"}}, {"pk": 7, "model": "shifty.event", "fields": {"start": "2014-07-25T16:00:00Z", "description": "test", "title": "test"}}, {"pk": 8, "model": "shifty.event", "fields": {"start": "2014-07-21T16:00:00.423Z", "description": "", "title": "mandag"}}, {"pk": 9, "model": "shifty.event", "fields": {"start": "2014-07-22T16:00:00.423Z", "description": "", "title": "tirsdag"}}, {"pk": 10, "model": "shifty.event", "fields": {"start": "2014-07-23T16:00:00.423Z", "description": "", "title": "onsdag"}}, {"pk": 11, "model": "shifty.event", "fields": {"start": "2014-07-24T16:00:00.423Z", "description": "", "title": "torsdag"}}, {"pk": 12, "model": "shifty.event", "fields": {"start": "2014-07-25T16:00:00.423Z", "description": "", "title": "fredag"}}, {"pk": 13, "model": "shifty.event", "fields": {"start": "2014-07-25T16:00:00Z", "description": "", "title": "fredag"}}, {"pk": 14, "model": "shifty.event", "fields": {"start": "2014-07-25T16:00:00Z", "description": "", "title": "fredag"}}, {"pk": 1, "model": "shifty.shifttype", "fields": {"color": "#5bc0de", "responsible": true, "description": "", "title": "Skjenkemester"}}, {"pk": 2, "model": "shifty.shifttype", "fields": {"color": "#5cb85c", "responsible": false, "description": "", "title": "Barfunk"}}, {"pk": 3, "model": "shifty.shifttype", "fields": {"color": "#f0ad4e", "responsible": false, "description": "", "title": "Vaktfunk"}}, {"pk": 4, "model": "shifty.shifttype", "fields": {"color": "#d9534f", "responsible": false, "description": "", "title": "DJ"}}, {"pk": 1, "model": "auth.permission", "fields": {"codename": "add_permission", "name": "Can add permission", "content_type": 1}}, {"pk": 2, "model": "auth.permission", "fields": {"codename": "change_permission", "name": "Can change permission", "content_type": 1}}, {"pk": 3, "model": "auth.permission", "fields": {"codename": "delete_permission", "name": "Can delete permission", "content_type": 1}}, {"pk": 4, "model": "auth.permission", "fields": {"codename": "add_group", "name": "Can add group", "content_type": 2}}, {"pk": 5, "model": "auth.permission", "fields": {"codename": "change_group", "name": "Can change group", "content_type": 2}}, {"pk": 6, "model": "auth.permission", "fields": {"codename": "delete_group", "name": "Can delete group", "content_type": 2}}, {"pk": 7, "model": "auth.permission", "fields": {"codename": "add_user", "name": "Can add user", "content_type": 3}}, {"pk": 8, "model": "auth.permission", "fields": {"codename": "change_user", "name": "Can change user", "content_type": 3}}, {"pk": 9, "model": "auth.permission", "fields": {"codename": "delete_user", "name": "Can delete user", "content_type": 3}}, {"pk": 10, "model": "auth.permission", "fields": {"codename": "add_contenttype", "name": "Can add content type", "content_type": 4}}, {"pk": 11, "model": "auth.permission", "fields": {"codename": "change_contenttype", "name": "Can change content type", "content_type": 4}}, {"pk": 12, "model": "auth.permission", "fields": {"codename": "delete_contenttype", "name": "Can delete content type", "content_type": 4}}, {"pk": 13, "model": "auth.permission", "fields": {"codename": "add_session", "name": "Can add session", "content_type": 5}}, {"pk": 14, "model": "auth.permission", "fields": {"codename": "change_session", "name": "Can change session", "content_type": 5}}, {"pk": 15, "model": "auth.permission", "fields": {"codename": "delete_session", "name": "Can delete session", "content_type": 5}}, {"pk": 16, "model": "auth.permission", "fields": {"codename": "add_site", "name": "Can add site", "content_type": 6}}, {"pk": 17, "model": "auth.permission", "fields": {"codename": "change_site", "name": "Can change site", "content_type": 6}}, {"pk": 18, "model": "auth.permission", "fields": {"codename": "delete_site", "name": "Can delete site", "content_type": 6}}, {"pk": 19, "model": "auth.permission", "fields": {"codename": "add_migrationhistory", "name": "Can add migration history", "content_type": 7}}, {"pk": 20, "model": "auth.permission", "fields": {"codename": "change_migrationhistory", "name": "Can change migration history", "content_type": 7}}, {"pk": 21, "model": "auth.permission", "fields": {"codename": "delete_migrationhistory", "name": "Can delete migration history", "content_type": 7}}, {"pk": 22, "model": "auth.permission", "fields": {"codename": "add_migrationhistory", "name": "Can add migration history", "content_type": 8}}, {"pk": 23, "model": "auth.permission", "fields": {"codename": "change_migrationhistory", "name": "Can change migration history", "content_type": 8}}, {"pk": 24, "model": "auth.permission", "fields": {"codename": "delete_migrationhistory", "name": "Can delete migration history", "content_type": 8}}, {"pk": 25, "model": "auth.permission", "fields": {"codename": "add_event", "name": "Can add event", "content_type": 9}}, {"pk": 26, "model": "auth.permission", "fields": {"codename": "change_event", "name": "Can change event", "content_type": 9}}, {"pk": 27, "model": "auth.permission", "fields": {"codename": "delete_event", "name": "Can delete event", "content_type": 9}}, {"pk": 28, "model": "auth.permission", "fields": {"codename": "add_shift", "name": "Can add shift", "content_type": 10}}, {"pk": 29, "model": "auth.permission", "fields": {"codename": "change_shift", "name": "Can change shift", "content_type": 10}}, {"pk": 30, "model": "auth.permission", "fields": {"codename": "delete_shift", "name": "Can delete shift", "content_type": 10}}, {"pk": 31, "model": "auth.permission", "fields": {"codename": "add_shifttype", "name": "Can add shift type", "content_type": 11}}, {"pk": 32, "model": "auth.permission", "fields": {"codename": "change_shifttype", "name": "Can change shift type", "content_type": 11}}, {"pk": 33, "model": "auth.permission", "fields": {"codename": "delete_shifttype", "name": "Can delete shift type", "content_type": 11}}, {"pk": 34, "model": "auth.permission", "fields": {"codename": "add_contactinfo", "name": "Can add contact info", "content_type": 12}}, {"pk": 35, "model": "auth.permission", "fields": {"codename": "change_contactinfo", "name": "Can change contact info", "content_type": 12}}, {"pk": 36, "model": "auth.permission", "fields": {"codename": "delete_contactinfo", "name": "Can delete contact info", "content_type": 12}}, {"pk": 37, "model": "auth.permission", "fields": {"codename": "add_revision", "name": "Can add revision", "content_type": 13}}, {"pk": 38, "model": "auth.permission", "fields": {"codename": "change_revision", "name": "Can change revision", "content_type": 13}}, {"pk": 39, "model": "auth.permission", "fields": {"codename": "delete_revision", "name": "Can delete revision", "content_type": 13}}, {"pk": 40, "model": "auth.permission", "fields": {"codename": "add_version", "name": "Can add version", "content_type": 14}}, {"pk": 41, "model": "auth.permission", "fields": {"codename": "change_version", "name": "Can change version", "content_type": 14}}, {"pk": 42, "model": "auth.permission", "fields": {"codename": "delete_version", "name": "Can delete version", "content_type": 14}}, {"pk": 1, "model": "auth.user", "fields": {"username": "admin", "first_name": "", "last_name": "", "is_active": true, "is_superuser": true, "is_staff": true, "last_login": "2014-07-25T12:26:04.794Z", "groups": [], "user_permissions": [], "password": "pbkdf2_sha256$12000$ynhuInPQLnLS$6ZW1NfxH5yjrS+P2Unx6+SN2yXTwZHOFYBAkHP38bTs=", "email": "admin@doesnnnnoootexist.com", "date_joined": "2013-09-12T17:41:06.929Z"}}, {"pk": 2, "model": "auth.user", "fields": {"username": "user", "first_name": "", "last_name": "", "is_active": true, "is_superuser": false, "is_staff": false, "last_login": "2014-04-16T13:15:43.411Z", "groups": [], "user_permissions": [], "password": "pbkdf2_sha256$12000$1nr2iPlPBHpp$5NLKmnN/NXp1j6uZaOtn1lh4/7ln+tKtKU2PBPOz0Tg=", "email": "", "date_joined": "2014-04-16T13:15:43.411Z"}}, {"pk": 3, "model": "auth.user", "fields": {"username": "oyvinbak", "first_name": "\u00f8yvind", "last_name": "bakkeli", "is_active": true, "is_superuser": false, "is_staff": false, "last_login": "2014-07-25T09:26:28.857Z", "groups": [], "user_permissions": [], "password": "!bYDWBDmWQlv2HstDqHaHkx9jzqzIXzDAB8nVx4Om", "email": "oyvinbak@ifi.uio.no", "date_joined": "2014-07-25T09:26:28.857Z"}}, {"pk": 4, "model": "auth.user", "fields": {"username": "olivaq", "first_name": "\u00f8yvind", "last_name": "bakkeli", "is_active": true, "is_superuser": false, "is_staff": false, "last_login": "2014-07-25T13:25:46.083Z", "groups": [], "user_permissions": [], "password": "!6wG8I24BkgNImBMaCBLfQQdWJIbfvSAiHXmzdoPg", "email": "olivaq@gmail.com", "date_joined": "2014-07-25T13:25:46.083Z"}}, {"pk": 1, "model": "shifty.contactinfo", "fields": {"phone": "91828177", "user": 3}}, {"pk": 2, "model": "shifty.contactinfo", "fields": {"phone": "91828177", "user": 4}}, {"pk": 1, "model": "shifty.shift", "fields": {"comment": "", "stop": "2014-04-17T01:00:00Z", "start": "2014-04-16T16:00:00Z", "shift_type": 1, "event": 1, "volunteer": null}}, {"pk": 2, "model": "shifty.shift", "fields": {"comment": "", "stop": "2014-04-16T19:00:00Z", "start": "2014-04-16T16:00:00Z", "shift_type": 2, "event": 1, "volunteer": null}}, {"pk": 3, "model": "shifty.shift", "fields": {"comment": "", "stop": "2014-04-16T21:59:59Z", "start": "2014-04-16T19:00:00Z", "shift_type": 2, "event": 1, "volunteer": null}}, {"pk": 4, "model": "shifty.shift", "fields": {"comment": "", "stop": "2014-04-16T21:59:59Z", "start": "2014-04-16T19:00:00Z", "shift_type": 2, "event": 1, "volunteer": null}}, {"pk": 50, "model": "shifty.shift", "fields": {"comment": "", "stop": "2014-07-25T19:00:00Z", "start": "2014-07-25T16:00:00Z", "shift_type": 1, "event": 7, "volunteer": null}}, {"pk": 51, "model": "shifty.shift", "fields": {"comment": "", "stop": "2014-07-25T19:00:00Z", "start": "2014-07-25T16:00:00Z", "shift_type": 2, "event": 7, "volunteer": null}}, {"pk": 52, "model": "shifty.shift", "fields": {"comment": "", "stop": "2014-07-25T19:00:00Z", "start": "2014-07-25T16:00:00Z", "shift_type": 2, "event": 7, "volunteer": null}}, {"pk": 53, "model": "shifty.shift", "fields": {"comment": "", "stop": "2014-07-25T19:00:00Z", "start": "2014-07-25T16:00:00Z", "shift_type": 3, "event": 7, "volunteer": null}}, {"pk": 54, "model": "shifty.shift", "fields": {"comment": "", "stop": "2014-07-26T00:00:00Z", "start": "2014-07-25T19:00:00Z", "shift_type": 2, "event": 7, "volunteer": 3}}, {"pk": 55, "model": "shifty.shift", "fields": {"comment": "", "stop": "2014-07-26T00:00:00Z", "start": "2014-07-25T19:00:00Z", "shift_type": 3, "event": 7, "volunteer": null}}, {"pk": 56, "model": "shifty.shift", "fields": {"comment": "", "stop": "2014-07-22T00:00:00.423Z", "start": "2014-07-21T15:00:00.423Z", "shift_type": 1, "event": 8, "volunteer": null}}, {"pk": 57, "model": "shifty.shift", "fields": {"comment": "", "stop": "2014-07-21T19:00:00.423Z", "start": "2014-07-21T15:00:00.423Z", "shift_type": 2, "event": 8, "volunteer": null}}, {"pk": 58, "model": "shifty.shift", "fields": {"comment": "", "stop": "2014-07-21T19:00:00.423Z", "start": "2014-07-21T15:00:00.423Z", "shift_type": 2, "event": 8, "volunteer": null}}, {"pk": 59, "model": "shifty.shift", "fields": {"comment": "", "stop": "2014-07-21T23:00:00.423Z", "start": "2014-07-21T19:00:00.423Z", "shift_type": 2, "event": 8, "volunteer": null}}, {"pk": 60, "model": "shifty.shift", "fields": {"comment": "", "stop": "2014-07-21T23:00:00.423Z", "start": "2014-07-21T19:00:00.423Z", "shift_type": 2, "event": 8, "volunteer": null}}, {"pk": 61, "model": "shifty.shift", "fields": {"comment": "", "stop": "2014-07-21T20:00:00.423Z", "start": "2014-07-21T16:00:00.423Z", "shift_type": 4, "event": 8, "volunteer": null}}, {"pk": 62, "model": "shifty.shift", "fields": {"comment": "", "stop": "2014-07-22T00:00:00.423Z", "start": "2014-07-21T20:00:00.423Z", "shift_type": 4, "event": 8, "volunteer": null}}, {"pk": 63, "model": "shifty.shift", "fields": {"comment": "", "stop": "2014-07-21T23:00:00.423Z", "start": "2014-07-21T15:00:00.423Z", "shift_type": 3, "event": 8, "volunteer": null}}, {"pk": 64, "model": "shifty.shift", "fields": {"comment": "", "stop": "2014-07-21T23:00:00.423Z", "start": "2014-07-21T15:00:00.423Z", "shift_type": 3, "event": 8, "volunteer": null}}, {"pk": 65, "model": "shifty.shift", "fields": {"comment": "", "stop": "2014-07-23T00:00:00.423Z", "start": "2014-07-22T15:00:00.423Z", "shift_type": 1, "event": 9, "volunteer": null}}, {"pk": 66, "model": "shifty.shift", "fields": {"comment": "", "stop": "2014-07-22T19:00:00.423Z", "start": "2014-07-22T15:00:00.423Z", "shift_type": 2, "event": 9, "volunteer": null}}, {"pk": 67, "model": "shifty.shift", "fields": {"comment": "", "stop": "2014-07-22T19:00:00.423Z", "start": "2014-07-22T15:00:00.423Z", "shift_type": 2, "event": 9, "volunteer": null}}, {"pk": 68, "model": "shifty.shift", "fields": {"comment": "", "stop": "2014-07-22T23:00:00.423Z", "start": "2014-07-22T19:00:00.423Z", "shift_type": 2, "event": 9, "volunteer": null}}, {"pk": 69, "model": "shifty.shift", "fields": {"comment": "", "stop": "2014-07-22T23:00:00.423Z", "start": "2014-07-22T19:00:00.423Z", "shift_type": 2, "event": 9, "volunteer": null}}, {"pk": 70, "model": "shifty.shift", "fields": {"comment": "", "stop": "2014-07-22T20:00:00.423Z", "start": "2014-07-22T16:00:00.423Z", "shift_type": 4, "event": 9, "volunteer": null}}, {"pk": 71, "model": "shifty.shift", "fields": {"comment": "", "stop": "2014-07-23T00:00:00.423Z", "start": "2014-07-22T20:00:00.423Z", "shift_type": 4, "event": 9, "volunteer": null}}, {"pk": 72, "model": "shifty.shift", "fields": {"comment": "", "stop": "2014-07-22T23:00:00.423Z", "start": "2014-07-22T15:00:00.423Z", "shift_type": 3, "event": 9, "volunteer": null}}, {"pk": 73, "model": "shifty.shift", "fields": {"comment": "", "stop": "2014-07-22T23:00:00.423Z", "start": "2014-07-22T15:00:00.423Z", "shift_type": 3, "event": 9, "volunteer": null}}, {"pk": 74, "model": "shifty.shift", "fields": {"comment": "", "stop": "2014-07-24T00:00:00.423Z", "start": "2014-07-23T15:00:00.423Z", "shift_type": 1, "event": 10, "volunteer": null}}, {"pk": 75, "model": "shifty.shift", "fields": {"comment": "", "stop": "2014-07-23T19:00:00.423Z", "start": "2014-07-23T15:00:00.423Z", "shift_type": 2, "event": 10, "volunteer": null}}, {"pk": 76, "model": "shifty.shift", "fields": {"comment": "", "stop": "2014-07-23T19:00:00.423Z", "start": "2014-07-23T15:00:00.423Z", "shift_type": 2, "event": 10, "volunteer": null}}, {"pk": 77, "model": "shifty.shift", "fields": {"comment": "", "stop": "2014-07-23T23:00:00.423Z", "start": "2014-07-23T19:00:00.423Z", "shift_type": 2, "event": 10, "volunteer": null}}, {"pk": 78, "model": "shifty.shift", "fields": {"comment": "", "stop": "2014-07-23T23:00:00.423Z", "start": "2014-07-23T19:00:00.423Z", "shift_type": 2, "event": 10, "volunteer": null}}, {"pk": 79, "model": "shifty.shift", "fields": {"comment": "", "stop": "2014-07-23T20:00:00.423Z", "start": "2014-07-23T16:00:00.423Z", "shift_type": 4, "event": 10, "volunteer": null}}, {"pk": 80, "model": "shifty.shift", "fields": {"comment": "", "stop": "2014-07-24T00:00:00.423Z", "start": "2014-07-23T20:00:00.423Z", "shift_type": 4, "event": 10, "volunteer": null}}, {"pk": 81, "model": "shifty.shift", "fields": {"comment": "", "stop": "2014-07-23T23:00:00.423Z", "start": "2014-07-23T15:00:00.423Z", "shift_type": 3, "event": 10, "volunteer": null}}, {"pk": 82, "model": "shifty.shift", "fields": {"comment": "", "stop": "2014-07-23T23:00:00.423Z", "start": "2014-07-23T15:00:00.423Z", "shift_type": 3, "event": 10, "volunteer": null}}, {"pk": 83, "model": "shifty.shift", "fields": {"comment": "", "stop": "2014-07-25T00:00:00.423Z", "start": "2014-07-24T15:00:00.423Z", "shift_type": 1, "event": 11, "volunteer": null}}, {"pk": 84, "model": "shifty.shift", "fields": {"comment": "", "stop": "2014-07-24T19:00:00.423Z", "start": "2014-07-24T15:00:00.423Z", "shift_type": 2, "event": 11, "volunteer": null}}, {"pk": 85, "model": "shifty.shift", "fields": {"comment": "", "stop": "2014-07-24T19:00:00.423Z", "start": "2014-07-24T15:00:00.423Z", "shift_type": 2, "event": 11, "volunteer": null}}, {"pk": 86, "model": "shifty.shift", "fields": {"comment": "", "stop": "2014-07-24T23:00:00.423Z", "start": "2014-07-24T19:00:00.423Z", "shift_type": 2, "event": 11, "volunteer": null}}, {"pk": 87, "model": "shifty.shift", "fields": {"comment": "", "stop": "2014-07-24T23:00:00.423Z", "start": "2014-07-24T19:00:00.423Z", "shift_type": 2, "event": 11, "volunteer": null}}, {"pk": 88, "model": "shifty.shift", "fields": {"comment": "", "stop": "2014-07-24T20:00:00.423Z", "start": "2014-07-24T16:00:00.423Z", "shift_type": 4, "event": 11, "volunteer": null}}, {"pk": 89, "model": "shifty.shift", "fields": {"comment": "", "stop": "2014-07-25T00:00:00.423Z", "start": "2014-07-24T20:00:00.423Z", "shift_type": 4, "event": 11, "volunteer": null}}, {"pk": 90, "model": "shifty.shift", "fields": {"comment": "", "stop": "2014-07-24T23:00:00.423Z", "start": "2014-07-24T15:00:00.423Z", "shift_type": 3, "event": 11, "volunteer": null}}, {"pk": 91, "model": "shifty.shift", "fields": {"comment": "", "stop": "2014-07-24T23:00:00.423Z", "start": "2014-07-24T15:00:00.423Z", "shift_type": 3, "event": 11, "volunteer": null}}, {"pk": 92, "model": "shifty.shift", "fields": {"comment": "", "stop": "2014-07-26T00:00:00.423Z", "start": "2014-07-25T15:00:00.423Z", "shift_type": 1, "event": 12, "volunteer": null}}, {"pk": 93, "model": "shifty.shift", "fields": {"comment": "", "stop": "2014-07-25T19:00:00.423Z", "start": "2014-07-25T15:00:00.423Z", "shift_type": 2, "event": 12, "volunteer": null}}, {"pk": 94, "model": "shifty.shift", "fields": {"comment": "", "stop": "2014-07-25T19:00:00.423Z", "start": "2014-07-25T15:00:00.423Z", "shift_type": 2, "event": 12, "volunteer": null}}, {"pk": 95, "model": "shifty.shift", "fields": {"comment": "", "stop": "2014-07-25T23:00:00.423Z", "start": "2014-07-25T19:00:00.423Z", "shift_type": 2, "event": 12, "volunteer": null}}, {"pk": 96, "model": "shifty.shift", "fields": {"comment": "", "stop": "2014-07-25T23:00:00.423Z", "start": "2014-07-25T19:00:00.423Z", "shift_type": 2, "event": 12, "volunteer": null}}, {"pk": 97, "model": "shifty.shift", "fields": {"comment": "", "stop": "2014-07-25T20:00:00.423Z", "start": "2014-07-25T16:00:00.423Z", "shift_type": 4, "event": 12, "volunteer": null}}, {"pk": 98, "model": "shifty.shift", "fields": {"comment": "", "stop": "2014-07-26T00:00:00.423Z", "start": "2014-07-25T20:00:00.423Z", "shift_type": 4, "event": 12, "volunteer": null}}, {"pk": 99, "model": "shifty.shift", "fields": {"comment": "", "stop": "2014-07-25T23:00:00.423Z", "start": "2014-07-25T15:00:00.423Z", "shift_type": 3, "event": 12, "volunteer": null}}, {"pk": 100, "model": "shifty.shift", "fields": {"comment": "", "stop": "2014-07-25T23:00:00.423Z", "start": "2014-07-25T15:00:00.423Z", "shift_type": 3, "event": 12, "volunteer": null}}, {"pk": 101, "model": "shifty.shift", "fields": {"comment": "", "stop": "2014-07-26T00:00:00Z", "start": "2014-07-25T15:00:00Z", "shift_type": 1, "event": 13, "volunteer": 3}}, {"pk": 102, "model": "shifty.shift", "fields": {"comment": "", "stop": "2014-07-25T19:00:00Z", "start": "2014-07-25T15:00:00Z", "shift_type": 2, "event": 13, "volunteer": null}}, {"pk": 103, "model": "shifty.shift", "fields": {"comment": "", "stop": "2014-07-25T19:00:00Z", "start": "2014-07-25T15:00:00Z", "shift_type": 2, "event": 13, "volunteer": null}}, {"pk": 104, "model": "shifty.shift", "fields": {"comment": "", "stop": "2014-07-25T23:00:00Z", "start": "2014-07-25T19:00:00Z", "shift_type": 2, "event": 13, "volunteer": null}}, {"pk": 105, "model": "shifty.shift", "fields": {"comment": "", "stop": "2014-07-25T23:00:00Z", "start": "2014-07-25T19:00:00Z", "shift_type": 2, "event": 13, "volunteer": null}}, {"pk": 106, "model": "shifty.shift", "fields": {"comment": "", "stop": "2014-07-25T20:00:00Z", "start": "2014-07-25T16:00:00Z", "shift_type": 4, "event": 13, "volunteer": null}}, {"pk": 107, "model": "shifty.shift", "fields": {"comment": "", "stop": "2014-07-26T00:00:00Z", "start": "2014-07-25T20:00:00Z", "shift_type": 4, "event": 13, "volunteer": null}}, {"pk": 108, "model": "shifty.shift", "fields": {"comment": "", "stop": "2014-07-25T23:00:00Z", "start": "2014-07-25T15:00:00Z", "shift_type": 3, "event": 13, "volunteer": null}}, {"pk": 109, "model": "shifty.shift", "fields": {"comment": "", "stop": "2014-07-25T23:00:00Z", "start": "2014-07-25T15:00:00Z", "shift_type": 3, "event": 13, "volunteer": null}}, {"pk": 110, "model": "shifty.shift", "fields": {"comment": "", "stop": "2014-07-26T00:00:00Z", "start": "2014-07-25T15:00:00Z", "shift_type": 1, "event": 14, "volunteer": null}}, {"pk": 111, "model": "shifty.shift", "fields": {"comment": "", "stop": "2014-07-25T19:00:00Z", "start": "2014-07-25T15:00:00Z", "shift_type": 2, "event": 14, "volunteer": null}}, {"pk": 112, "model": "shifty.shift", "fields": {"comment": "", "stop": "2014-07-25T19:00:00Z", "start": "2014-07-25T15:00:00Z", "shift_type": 2, "event": 14, "volunteer": null}}, {"pk": 113, "model": "shifty.shift", "fields": {"comment": "", "stop": "2014-07-25T23:00:00Z", "start": "2014-07-25T19:00:00Z", "shift_type": 2, "event": 14, "volunteer": null}}, {"pk": 114, "model": "shifty.shift", "fields": {"comment": "", "stop": "2014-07-25T23:00:00Z", "start": "2014-07-25T19:00:00Z", "shift_type": 2, "event": 14, "volunteer": null}}, {"pk": 115, "model": "shifty.shift", "fields": {"comment": "", "stop": "2014-07-25T20:00:00Z", "start": "2014-07-25T16:00:00Z", "shift_type": 4, "event": 14, "volunteer": null}}, {"pk": 116, "model": "shifty.shift", "fields": {"comment": "", "stop": "2014-07-26T00:00:00Z", "start": "2014-07-25T20:00:00Z", "shift_type": 4, "event": 14, "volunteer": null}}, {"pk": 117, "model": "shifty.shift", "fields": {"comment": "", "stop": "2014-07-25T23:00:00Z", "start": "2014-07-25T15:00:00Z", "shift_type": 3, "event": 14, "volunteer": null}}, {"pk": 118, "model": "shifty.shift", "fields": {"comment": "", "stop": "2014-07-25T23:00:00Z", "start": "2014-07-25T15:00:00Z", "shift_type": 3, "event": 14, "volunteer": null}}]