[{"pk": 1, "model": "shifty.event", "fields": {"start": "2014-04-16T16:00:00Z", "description": "", "title": "Fredagspub"}}, {"pk": 7, "model": "shifty.event", "fields": {"start": "2014-07-25T16:00:00Z", "description": "test", "title": "test"}}, {"pk": 8, "model": "shifty.event", "fields": {"start": "2014-07-21T16:00:00.423Z", "description": "", "title": "mandag"}}, {"pk": 9, "model": "shifty.event", "fields": {"start": "2014-07-22T16:00:00.423Z", "description": "", "title": "tirsdag"}}, {"pk": 10, "model": "shifty.event", "fields": {"start": "2014-07-23T16:00:00.423Z", "description": "", "title": "onsdag"}}, {"pk": 11, "model": "shifty.event", "fields": {"start": "2014-07-24T16:00:00.423Z", "description": "", "title": "torsdag"}}, {"pk": 12, "model": "shifty.event", "fields": {"start": "2014-07-25T16:00:00.423Z", "description": "", "title": "fredag"}}, {"pk": 1, "model": "shifty.shift", "fields": {"comment": "", "stop": "2014-04-17T01:00:00Z", "start": "2014-04-16T16:00:00Z", "shift_type": 1, "event": 1, "volunteer": null}}, {"pk": 2, "model": "shifty.shift", "fields": {"comment": "", "stop": "2014-04-16T19:00:00Z", "start": "2014-04-16T16:00:00Z", "shift_type": 2, "event": 1, "volunteer": null}}, {"pk": 3, "model": "shifty.shift", "fields": {"comment": "", "stop": "2014-04-16T21:59:59Z", "start": "2014-04-16T19:00:00Z", "shift_type": 2, "event": 1, "volunteer": null}}, {"pk": 4, "model": "shifty.shift", "fields": {"comment": "", "stop": "2014-04-16T21:59:59Z", "start": "2014-04-16T19:00:00Z", "shift_type": 2, "event": 1, "volunteer": null}}, {"pk": 50, "model": "shifty.shift", "fields": {"comment": "", "stop": "2014-07-25T19:00:00Z", "start": "2014-07-25T16:00:00Z", "shift_type": 1, "event": 7, "volunteer": null}}, {"pk": 51, "model": "shifty.shift", "fields": {"comment": "", "stop": "2014-07-25T19:00:00Z", "start": "2014-07-25T16:00:00Z", "shift_type": 2, "event": 7, "volunteer": null}}, {"pk": 52, "model": "shifty.shift", "fields": {"comment": "", "stop": "2014-07-25T19:00:00Z", "start": "2014-07-25T16:00:00Z", "shift_type": 2, "event": 7, "volunteer": null}}, {"pk": 53, "model": "shifty.shift", "fields": {"comment": "", "stop": "2014-07-25T19:00:00Z", "start": "2014-07-25T16:00:00Z", "shift_type": 3, "event": 7, "volunteer": null}}, {"pk": 54, "model": "shifty.shift", "fields": {"comment": "", "stop": "2014-07-26T00:00:00Z", "start": "2014-07-25T19:00:00Z", "shift_type": 2, "event": 7, "volunteer": 3}}, {"pk": 55, "model": "shifty.shift", "fields": {"comment": "", "stop": "2014-07-26T00:00:00Z", "start": "2014-07-25T19:00:00Z", "shift_type": 3, "event": 7, "volunteer": null}}, {"pk": 56, "model": "shifty.shift", "fields": {"comment": "", "stop": "2014-07-22T00:00:00.423Z", "start": "2014-07-21T15:00:00.423Z", "shift_type": 1, "event": 8, "volunteer": null}}, {"pk": 57, "model": "shifty.shift", "fields": {"comment": "", "stop": "2014-07-21T19:00:00.423Z", "start": "2014-07-21T15:00:00.423Z", "shift_type": 2, "event": 8, "volunteer": null}}, {"pk": 58, "model": "shifty.shift", "fields": {"comment": "", "stop": "2014-07-21T19:00:00.423Z", "start": "2014-07-21T15:00:00.423Z", "shift_type": 2, "event": 8, "volunteer": null}}, {"pk": 59, "model": "shifty.shift", "fields": {"comment": "", "stop": "2014-07-21T23:00:00.423Z", "start": "2014-07-21T19:00:00.423Z", "shift_type": 2, "event": 8, "volunteer": null}}, {"pk": 60, "model": "shifty.shift", "fields": {"comment": "", "stop": "2014-07-21T23:00:00.423Z", "start": "2014-07-21T19:00:00.423Z", "shift_type": 2, "event": 8, "volunteer": null}}, {"pk": 61, "model": "shifty.shift", "fields": {"comment": "", "stop": "2014-07-21T20:00:00.423Z", "start": "2014-07-21T16:00:00.423Z", "shift_type": 4, "event": 8, "volunteer": null}}, {"pk": 62, "model": "shifty.shift", "fields": {"comment": "", "stop": "2014-07-22T00:00:00.423Z", "start": "2014-07-21T20:00:00.423Z", "shift_type": 4, "event": 8, "volunteer": null}}, {"pk": 63, "model": "shifty.shift", "fields": {"comment": "", "stop": "2014-07-21T23:00:00.423Z", "start": "2014-07-21T15:00:00.423Z", "shift_type": 3, "event": 8, "volunteer": null}}, {"pk": 64, "model": "shifty.shift", "fields": {"comment": "", "stop": "2014-07-21T23:00:00.423Z", "start": "2014-07-21T15:00:00.423Z", "shift_type": 3, "event": 8, "volunteer": null}}, {"pk": 65, "model": "shifty.shift", "fields": {"comment": "", "stop": "2014-07-23T00:00:00.423Z", "start": "2014-07-22T15:00:00.423Z", "shift_type": 1, "event": 9, "volunteer": null}}, {"pk": 66, "model": "shifty.shift", "fields": {"comment": "", "stop": "2014-07-22T19:00:00.423Z", "start": "2014-07-22T15:00:00.423Z", "shift_type": 2, "event": 9, "volunteer": null}}, {"pk": 67, "model": "shifty.shift", "fields": {"comment": "", "stop": "2014-07-22T19:00:00.423Z", "start": "2014-07-22T15:00:00.423Z", "shift_type": 2, "event": 9, "volunteer": null}}, {"pk": 68, "model": "shifty.shift", "fields": {"comment": "", "stop": "2014-07-22T23:00:00.423Z", "start": "2014-07-22T19:00:00.423Z", "shift_type": 2, "event": 9, "volunteer": null}}, {"pk": 69, "model": "shifty.shift", "fields": {"comment": "", "stop": "2014-07-22T23:00:00.423Z", "start": "2014-07-22T19:00:00.423Z", "shift_type": 2, "event": 9, "volunteer": null}}, {"pk": 70, "model": "shifty.shift", "fields": {"comment": "", "stop": "2014-07-22T20:00:00.423Z", "start": "2014-07-22T16:00:00.423Z", "shift_type": 4, "event": 9, "volunteer": null}}, {"pk": 71, "model": "shifty.shift", "fields": {"comment": "", "stop": "2014-07-23T00:00:00.423Z", "start": "2014-07-22T20:00:00.423Z", "shift_type": 4, "event": 9, "volunteer": null}}, {"pk": 72, "model": "shifty.shift", "fields": {"comment": "", "stop": "2014-07-22T23:00:00.423Z", "start": "2014-07-22T15:00:00.423Z", "shift_type": 3, "event": 9, "volunteer": null}}, {"pk": 73, "model": "shifty.shift", "fields": {"comment": "", "stop": "2014-07-22T23:00:00.423Z", "start": "2014-07-22T15:00:00.423Z", "shift_type": 3, "event": 9, "volunteer": null}}, {"pk": 74, "model": "shifty.shift", "fields": {"comment": "", "stop": "2014-07-24T00:00:00.423Z", "start": "2014-07-23T15:00:00.423Z", "shift_type": 1, "event": 10, "volunteer": null}}, {"pk": 75, "model": "shifty.shift", "fields": {"comment": "", "stop": "2014-07-23T19:00:00.423Z", "start": "2014-07-23T15:00:00.423Z", "shift_type": 2, "event": 10, "volunteer": null}}, {"pk": 76, "model": "shifty.shift", "fields": {"comment": "", "stop": "2014-07-23T19:00:00.423Z", "start": "2014-07-23T15:00:00.423Z", "shift_type": 2, "event": 10, "volunteer": null}}, {"pk": 77, "model": "shifty.shift", "fields": {"comment": "", "stop": "2014-07-23T23:00:00.423Z", "start": "2014-07-23T19:00:00.423Z", "shift_type": 2, "event": 10, "volunteer": null}}, {"pk": 78, "model": "shifty.shift", "fields": {"comment": "", "stop": "2014-07-23T23:00:00.423Z", "start": "2014-07-23T19:00:00.423Z", "shift_type": 2, "event": 10, "volunteer": null}}, {"pk": 79, "model": "shifty.shift", "fields": {"comment": "", "stop": "2014-07-23T20:00:00.423Z", "start": "2014-07-23T16:00:00.423Z", "shift_type": 4, "event": 10, "volunteer": null}}, {"pk": 80, "model": "shifty.shift", "fields": {"comment": "", "stop": "2014-07-24T00:00:00.423Z", "start": "2014-07-23T20:00:00.423Z", "shift_type": 4, "event": 10, "volunteer": null}}, {"pk": 81, "model": "shifty.shift", "fields": {"comment": "", "stop": "2014-07-23T23:00:00.423Z", "start": "2014-07-23T15:00:00.423Z", "shift_type": 3, "event": 10, "volunteer": null}}, {"pk": 82, "model": "shifty.shift", "fields": {"comment": "", "stop": "2014-07-23T23:00:00.423Z", "start": "2014-07-23T15:00:00.423Z", "shift_type": 3, "event": 10, "volunteer": null}}, {"pk": 83, "model": "shifty.shift", "fields": {"comment": "", "stop": "2014-07-25T00:00:00.423Z", "start": "2014-07-24T15:00:00.423Z", "shift_type": 1, "event": 11, "volunteer": null}}, {"pk": 84, "model": "shifty.shift", "fields": {"comment": "", "stop": "2014-07-24T19:00:00.423Z", "start": "2014-07-24T15:00:00.423Z", "shift_type": 2, "event": 11, "volunteer": null}}, {"pk": 85, "model": "shifty.shift", "fields": {"comment": "", "stop": "2014-07-24T19:00:00.423Z", "start": "2014-07-24T15:00:00.423Z", "shift_type": 2, "event": 11, "volunteer": null}}, {"pk": 86, "model": "shifty.shift", "fields": {"comment": "", "stop": "2014-07-24T23:00:00.423Z", "start": "2014-07-24T19:00:00.423Z", "shift_type": 2, "event": 11, "volunteer": null}}, {"pk": 87, "model": "shifty.shift", "fields": {"comment": "", "stop": "2014-07-24T23:00:00.423Z", "start": "2014-07-24T19:00:00.423Z", "shift_type": 2, "event": 11, "volunteer": null}}, {"pk": 88, "model": "shifty.shift", "fields": {"comment": "", "stop": "2014-07-24T20:00:00.423Z", "start": "2014-07-24T16:00:00.423Z", "shift_type": 4, "event": 11, "volunteer": null}}, {"pk": 89, "model": "shifty.shift", "fields": {"comment": "", "stop": "2014-07-25T00:00:00.423Z", "start": "2014-07-24T20:00:00.423Z", "shift_type": 4, "event": 11, "volunteer": null}}, {"pk": 90, "model": "shifty.shift", "fields": {"comment": "", "stop": "2014-07-24T23:00:00.423Z", "start": "2014-07-24T15:00:00.423Z", "shift_type": 3, "event": 11, "volunteer": null}}, {"pk": 91, "model": "shifty.shift", "fields": {"comment": "", "stop": "2014-07-24T23:00:00.423Z", "start": "2014-07-24T15:00:00.423Z", "shift_type": 3, "event": 11, "volunteer": null}}, {"pk": 92, "model": "shifty.shift", "fields": {"comment": "", "stop": "2014-07-26T00:00:00.423Z", "start": "2014-07-25T15:00:00.423Z", "shift_type": 1, "event": 12, "volunteer": null}}, {"pk": 93, "model": "shifty.shift", "fields": {"comment": "", "stop": "2014-07-25T19:00:00.423Z", "start": "2014-07-25T15:00:00.423Z", "shift_type": 2, "event": 12, "volunteer": null}}, {"pk": 94, "model": "shifty.shift", "fields": {"comment": "", "stop": "2014-07-25T19:00:00.423Z", "start": "2014-07-25T15:00:00.423Z", "shift_type": 2, "event": 12, "volunteer": null}}, {"pk": 95, "model": "shifty.shift", "fields": {"comment": "", "stop": "2014-07-25T23:00:00.423Z", "start": "2014-07-25T19:00:00.423Z", "shift_type": 2, "event": 12, "volunteer": null}}, {"pk": 96, "model": "shifty.shift", "fields": {"comment": "", "stop": "2014-07-25T23:00:00.423Z", "start": "2014-07-25T19:00:00.423Z", "shift_type": 2, "event": 12, "volunteer": null}}, {"pk": 97, "model": "shifty.shift", "fields": {"comment": "", "stop": "2014-07-25T20:00:00.423Z", "start": "2014-07-25T16:00:00.423Z", "shift_type": 4, "event": 12, "volunteer": null}}, {"pk": 98, "model": "shifty.shift", "fields": {"comment": "", "stop": "2014-07-26T00:00:00.423Z", "start": "2014-07-25T20:00:00.423Z", "shift_type": 4, "event": 12, "volunteer": null}}, {"pk": 99, "model": "shifty.shift", "fields": {"comment": "", "stop": "2014-07-25T23:00:00.423Z", "start": "2014-07-25T15:00:00.423Z", "shift_type": 3, "event": 12, "volunteer": null}}, {"pk": 100, "model": "shifty.shift", "fields": {"comment": "", "stop": "2014-07-25T23:00:00.423Z", "start": "2014-07-25T15:00:00.423Z", "shift_type": 3, "event": 12, "volunteer": null}}, {"pk": 1, "model": "shifty.shifttype", "fields": {"color": "#5bc0de", "responsible": true, "description": "", "title": "Skjenkemester"}}, {"pk": 2, "model": "shifty.shifttype", "fields": {"color": "#5cb85c", "responsible": false, "description": "", "title": "Barfunk"}}, {"pk": 3, "model": "shifty.shifttype", "fields": {"color": "#f0ad4e", "responsible": false, "description": "", "title": "Vaktfunk"}}, {"pk": 4, "model": "shifty.shifttype", "fields": {"color": "#d9534f", "responsible": false, "description": "", "title": "DJ"}}, {"pk": 1, "model": "shifty.contactinfo", "fields": {"phone": "91828177", "user": 3}}]