[{"fields": {"start": "2014-11-05T17:00:00.339Z", "description": "", "title": "mandag"}, "model": "shifty.event", "pk": 1}, {"fields": {"start": "2014-11-06T17:00:00.339Z", "description": "", "title": "tirsdag"}, "model": "shifty.event", "pk": 2}, {"fields": {"start": "2014-11-07T17:00:00.339Z", "description": "", "title": "onsdag"}, "model": "shifty.event", "pk": 3}, {"fields": {"start": "2014-11-08T17:00:00.339Z", "description": "", "title": "torsdag"}, "model": "shifty.event", "pk": 4}, {"fields": {"start": "2014-11-09T17:00:00.339Z", "description": "", "title": "fredag"}, "model": "shifty.event", "pk": 5}, {"fields": {"color": "#6967b6", "responsible": false, "description": "", "title": "Barfunk"}, "model": "shifty.shifttype", "pk": 1}, {"fields": {"color": "#ac3131", "responsible": false, "description": "", "title": "Vaktfunk"}, "model": "shifty.shifttype", "pk": 2}, {"fields": {"color": "#becd4c", "responsible": true, "description": "", "title": "Skjenkemester"}, "model": "shifty.shifttype", "pk": 3}, {"fields": {"color": "#3f973e", "responsible": false, "description": "", "title": "DJ"}, "model": "shifty.shifttype", "pk": 4}, {"fields": {"codename": "add_contenttype", "name": "Can add content type", "content_type": 1}, "model": "auth.permission", "pk": 1}, {"fields": {"codename": "change_contenttype", "name": "Can change content type", "content_type": 1}, "model": "auth.permission", "pk": 2}, {"fields": {"codename": "delete_contenttype", "name": "Can delete content type", "content_type": 1}, "model": "auth.permission", "pk": 3}, {"fields": {"codename": "add_permission", "name": "Can add permission", "content_type": 4}, "model": "auth.permission", "pk": 4}, {"fields": {"codename": "change_permission", "name": "Can change permission", "content_type": 4}, "model": "auth.permission", "pk": 5}, {"fields": {"codename": "delete_permission", "name": "Can delete permission", "content_type": 4}, "model": "auth.permission", "pk": 6}, {"fields": {"codename": "add_group", "name": "Can add group", "content_type": 2}, "model": "auth.permission", "pk": 7}, {"fields": {"codename": "change_group", "name": "Can change group", "content_type": 2}, "model": "auth.permission", "pk": 8}, {"fields": {"codename": "delete_group", "name": "Can delete group", "content_type": 2}, "model": "auth.permission", "pk": 9}, {"fields": {"codename": "add_user", "name": "Can add user", "content_type": 3}, "model": "auth.permission", "pk": 10}, {"fields": {"codename": "change_user", "name": "Can change user", "content_type": 3}, "model": "auth.permission", "pk": 11}, {"fields": {"codename": "delete_user", "name": "Can delete user", "content_type": 3}, "model": "auth.permission", "pk": 12}, {"fields": {"codename": "add_session", "name": "Can add session", "content_type": 5}, "model": "auth.permission", "pk": 13}, {"fields": {"codename": "change_session", "name": "Can change session", "content_type": 5}, "model": "auth.permission", "pk": 14}, {"fields": {"codename": "delete_session", "name": "Can delete session", "content_type": 5}, "model": "auth.permission", "pk": 15}, {"fields": {"codename": "add_site", "name": "Can add site", "content_type": 6}, "model": "auth.permission", "pk": 16}, {"fields": {"codename": "change_site", "name": "Can change site", "content_type": 6}, "model": "auth.permission", "pk": 17}, {"fields": {"codename": "delete_site", "name": "Can delete site", "content_type": 6}, "model": "auth.permission", "pk": 18}, {"fields": {"codename": "add_logentry", "name": "Can add log entry", "content_type": 7}, "model": "auth.permission", "pk": 19}, {"fields": {"codename": "change_logentry", "name": "Can change log entry", "content_type": 7}, "model": "auth.permission", "pk": 20}, {"fields": {"codename": "delete_logentry", "name": "Can delete log entry", "content_type": 7}, "model": "auth.permission", "pk": 21}, {"fields": {"codename": "add_revision", "name": "Can add revision", "content_type": 9}, "model": "auth.permission", "pk": 22}, {"fields": {"codename": "change_revision", "name": "Can change revision", "content_type": 9}, "model": "auth.permission", "pk": 23}, {"fields": {"codename": "delete_revision", "name": "Can delete revision", "content_type": 9}, "model": "auth.permission", "pk": 24}, {"fields": {"codename": "add_version", "name": "Can add version", "content_type": 8}, "model": "auth.permission", "pk": 25}, {"fields": {"codename": "change_version", "name": "Can change version", "content_type": 8}, "model": "auth.permission", "pk": 26}, {"fields": {"codename": "delete_version", "name": "Can delete version", "content_type": 8}, "model": "auth.permission", "pk": 27}, {"fields": {"codename": "add_event", "name": "Can add event", "content_type": 12}, "model": "auth.permission", "pk": 28}, {"fields": {"codename": "change_event", "name": "Can change event", "content_type": 12}, "model": "auth.permission", "pk": 29}, {"fields": {"codename": "delete_event", "name": "Can delete event", "content_type": 12}, "model": "auth.permission", "pk": 30}, {"fields": {"codename": "add_shift", "name": "Can add shift", "content_type": 10}, "model": "auth.permission", "pk": 31}, {"fields": {"codename": "change_shift", "name": "Can change shift", "content_type": 10}, "model": "auth.permission", "pk": 32}, {"fields": {"codename": "delete_shift", "name": "Can delete shift", "content_type": 10}, "model": "auth.permission", "pk": 33}, {"fields": {"codename": "add_shifttype", "name": "Can add shift type", "content_type": 13}, "model": "auth.permission", "pk": 34}, {"fields": {"codename": "change_shifttype", "name": "Can change shift type", "content_type": 13}, "model": "auth.permission", "pk": 35}, {"fields": {"codename": "delete_shifttype", "name": "Can delete shift type", "content_type": 13}, "model": "auth.permission", "pk": 36}, {"fields": {"codename": "add_contactinfo", "name": "Can add contact info", "content_type": 11}, "model": "auth.permission", "pk": 37}, {"fields": {"codename": "change_contactinfo", "name": "Can change contact info", "content_type": 11}, "model": "auth.permission", "pk": 38}, {"fields": {"codename": "delete_contactinfo", "name": "Can delete contact info", "content_type": 11}, "model": "auth.permission", "pk": 39}, {"fields": {"username": "admin", "first_name": "", "last_name": "", "is_active": true, "is_superuser": true, "is_staff": true, "last_login": "2014-10-28T17:46:52.669Z", "groups": [], "user_permissions": [], "password": "pbkdf2_sha256$12000$WAFrkIC3oEzu$aLkqz1+ao6dTG5W5awl8pdbgrTtpL2RjWCVScAcfA7w=", "email": "admin@admin.com", "date_joined": "2014-10-28T17:46:39.114Z"}, "model": "auth.user", "pk": 1}, {"fields": {"username": "user", "first_name": "", "last_name": "", "is_active": true, "is_superuser": false, "is_staff": false, "last_login": "2014-10-28T17:58:24.916Z", "groups": [], "user_permissions": [], "password": "pbkdf2_sha256$12000$BGHjpmU9E86r$Vk/40Arz6H2kHZvi+fVMmncC6EUT7NtszfGlfHEM3A8=", "email": "", "date_joined": "2014-10-28T17:47:02.220Z"}, "model": "auth.user", "pk": 2}, {"fields": {"comment": "", "stop": "2014-11-06T01:00:00.339Z", "start": "2014-11-05T16:00:00.339Z", "shift_type": 3, "event": 1, "volunteer": 1}, "model": "shifty.shift", "pk": 1}, {"fields": {"comment": "", "stop": "2014-11-05T20:00:00.339Z", "start": "2014-11-05T16:00:00.339Z", "shift_type": 1, "event": 1, "volunteer": 2}, "model": "shifty.shift", "pk": 2}, {"fields": {"comment": "", "stop": "2014-11-05T20:00:00.339Z", "start": "2014-11-05T16:00:00.339Z", "shift_type": 1, "event": 1, "volunteer": null}, "model": "shifty.shift", "pk": 3}, {"fields": {"comment": "", "stop": "2014-11-06T00:00:00.339Z", "start": "2014-11-05T20:00:00.339Z", "shift_type": 1, "event": 1, "volunteer": null}, "model": "shifty.shift", "pk": 4}, {"fields": {"comment": "", "stop": "2014-11-06T00:00:00.339Z", "start": "2014-11-05T20:00:00.339Z", "shift_type": 1, "event": 1, "volunteer": null}, "model": "shifty.shift", "pk": 5}, {"fields": {"comment": "", "stop": "2014-11-05T21:00:00.339Z", "start": "2014-11-05T17:00:00.339Z", "shift_type": 4, "event": 1, "volunteer": null}, "model": "shifty.shift", "pk": 6}, {"fields": {"comment": "", "stop": "2014-11-06T01:00:00.339Z", "start": "2014-11-05T21:00:00.339Z", "shift_type": 4, "event": 1, "volunteer": null}, "model": "shifty.shift", "pk": 7}, {"fields": {"comment": "", "stop": "2014-11-06T00:00:00.339Z", "start": "2014-11-05T16:00:00.339Z", "shift_type": 2, "event": 1, "volunteer": null}, "model": "shifty.shift", "pk": 8}, {"fields": {"comment": "", "stop": "2014-11-06T00:00:00.339Z", "start": "2014-11-05T16:00:00.339Z", "shift_type": 2, "event": 1, "volunteer": null}, "model": "shifty.shift", "pk": 9}, {"fields": {"comment": "", "stop": "2014-11-07T01:00:00.339Z", "start": "2014-11-06T16:00:00.339Z", "shift_type": 3, "event": 2, "volunteer": null}, "model": "shifty.shift", "pk": 10}, {"fields": {"comment": "", "stop": "2014-11-06T20:00:00.339Z", "start": "2014-11-06T16:00:00.339Z", "shift_type": 1, "event": 2, "volunteer": 1}, "model": "shifty.shift", "pk": 11}, {"fields": {"comment": "", "stop": "2014-11-06T20:00:00.339Z", "start": "2014-11-06T16:00:00.339Z", "shift_type": 1, "event": 2, "volunteer": 2}, "model": "shifty.shift", "pk": 12}, {"fields": {"comment": "", "stop": "2014-11-07T00:00:00.339Z", "start": "2014-11-06T20:00:00.339Z", "shift_type": 1, "event": 2, "volunteer": 1}, "model": "shifty.shift", "pk": 13}, {"fields": {"comment": "", "stop": "2014-11-07T00:00:00.339Z", "start": "2014-11-06T20:00:00.339Z", "shift_type": 1, "event": 2, "volunteer": null}, "model": "shifty.shift", "pk": 14}, {"fields": {"comment": "", "stop": "2014-11-06T21:00:00.339Z", "start": "2014-11-06T17:00:00.339Z", "shift_type": 4, "event": 2, "volunteer": null}, "model": "shifty.shift", "pk": 15}, {"fields": {"comment": "", "stop": "2014-11-07T01:00:00.339Z", "start": "2014-11-06T21:00:00.339Z", "shift_type": 4, "event": 2, "volunteer": null}, "model": "shifty.shift", "pk": 16}, {"fields": {"comment": "", "stop": "2014-11-07T00:00:00.339Z", "start": "2014-11-06T16:00:00.339Z", "shift_type": 2, "event": 2, "volunteer": null}, "model": "shifty.shift", "pk": 17}, {"fields": {"comment": "", "stop": "2014-11-07T00:00:00.339Z", "start": "2014-11-06T16:00:00.339Z", "shift_type": 2, "event": 2, "volunteer": null}, "model": "shifty.shift", "pk": 18}, {"fields": {"comment": "", "stop": "2014-11-08T01:00:00.339Z", "start": "2014-11-07T16:00:00.339Z", "shift_type": 3, "event": 3, "volunteer": 1}, "model": "shifty.shift", "pk": 19}, {"fields": {"comment": "", "stop": "2014-11-07T20:00:00.339Z", "start": "2014-11-07T16:00:00.339Z", "shift_type": 1, "event": 3, "volunteer": null}, "model": "shifty.shift", "pk": 20}, {"fields": {"comment": "", "stop": "2014-11-07T20:00:00.339Z", "start": "2014-11-07T16:00:00.339Z", "shift_type": 1, "event": 3, "volunteer": null}, "model": "shifty.shift", "pk": 21}, {"fields": {"comment": "", "stop": "2014-11-08T00:00:00.339Z", "start": "2014-11-07T20:00:00.339Z", "shift_type": 1, "event": 3, "volunteer": null}, "model": "shifty.shift", "pk": 22}, {"fields": {"comment": "", "stop": "2014-11-08T00:00:00.339Z", "start": "2014-11-07T20:00:00.339Z", "shift_type": 1, "event": 3, "volunteer": null}, "model": "shifty.shift", "pk": 23}, {"fields": {"comment": "", "stop": "2014-11-07T21:00:00.339Z", "start": "2014-11-07T17:00:00.339Z", "shift_type": 4, "event": 3, "volunteer": null}, "model": "shifty.shift", "pk": 24}, {"fields": {"comment": "", "stop": "2014-11-08T01:00:00.339Z", "start": "2014-11-07T21:00:00.339Z", "shift_type": 4, "event": 3, "volunteer": null}, "model": "shifty.shift", "pk": 25}, {"fields": {"comment": "", "stop": "2014-11-08T00:00:00.339Z", "start": "2014-11-07T16:00:00.339Z", "shift_type": 2, "event": 3, "volunteer": null}, "model": "shifty.shift", "pk": 26}, {"fields": {"comment": "", "stop": "2014-11-08T00:00:00.339Z", "start": "2014-11-07T16:00:00.339Z", "shift_type": 2, "event": 3, "volunteer": null}, "model": "shifty.shift", "pk": 27}, {"fields": {"comment": "", "stop": "2014-11-09T01:00:00.339Z", "start": "2014-11-08T16:00:00.339Z", "shift_type": 3, "event": 4, "volunteer": null}, "model": "shifty.shift", "pk": 28}, {"fields": {"comment": "", "stop": "2014-11-08T20:00:00.339Z", "start": "2014-11-08T16:00:00.339Z", "shift_type": 1, "event": 4, "volunteer": null}, "model": "shifty.shift", "pk": 29}, {"fields": {"comment": "", "stop": "2014-11-08T20:00:00.339Z", "start": "2014-11-08T16:00:00.339Z", "shift_type": 1, "event": 4, "volunteer": null}, "model": "shifty.shift", "pk": 30}, {"fields": {"comment": "", "stop": "2014-11-09T00:00:00.339Z", "start": "2014-11-08T20:00:00.339Z", "shift_type": 1, "event": 4, "volunteer": null}, "model": "shifty.shift", "pk": 31}, {"fields": {"comment": "", "stop": "2014-11-09T00:00:00.339Z", "start": "2014-11-08T20:00:00.339Z", "shift_type": 1, "event": 4, "volunteer": null}, "model": "shifty.shift", "pk": 32}, {"fields": {"comment": "", "stop": "2014-11-08T21:00:00.339Z", "start": "2014-11-08T17:00:00.339Z", "shift_type": 4, "event": 4, "volunteer": null}, "model": "shifty.shift", "pk": 33}, {"fields": {"comment": "", "stop": "2014-11-09T01:00:00.339Z", "start": "2014-11-08T21:00:00.339Z", "shift_type": 4, "event": 4, "volunteer": null}, "model": "shifty.shift", "pk": 34}, {"fields": {"comment": "", "stop": "2014-11-09T00:00:00.339Z", "start": "2014-11-08T16:00:00.339Z", "shift_type": 2, "event": 4, "volunteer": null}, "model": "shifty.shift", "pk": 35}, {"fields": {"comment": "", "stop": "2014-11-09T00:00:00.339Z", "start": "2014-11-08T16:00:00.339Z", "shift_type": 2, "event": 4, "volunteer": null}, "model": "shifty.shift", "pk": 36}, {"fields": {"comment": "", "stop": "2014-11-10T01:00:00.339Z", "start": "2014-11-09T16:00:00.339Z", "shift_type": 3, "event": 5, "volunteer": null}, "model": "shifty.shift", "pk": 37}, {"fields": {"comment": "", "stop": "2014-11-09T20:00:00.339Z", "start": "2014-11-09T16:00:00.339Z", "shift_type": 1, "event": 5, "volunteer": null}, "model": "shifty.shift", "pk": 38}, {"fields": {"comment": "", "stop": "2014-11-09T20:00:00.339Z", "start": "2014-11-09T16:00:00.339Z", "shift_type": 1, "event": 5, "volunteer": null}, "model": "shifty.shift", "pk": 39}, {"fields": {"comment": "", "stop": "2014-11-10T00:00:00.339Z", "start": "2014-11-09T20:00:00.339Z", "shift_type": 1, "event": 5, "volunteer": null}, "model": "shifty.shift", "pk": 40}, {"fields": {"comment": "", "stop": "2014-11-10T00:00:00.339Z", "start": "2014-11-09T20:00:00.339Z", "shift_type": 1, "event": 5, "volunteer": null}, "model": "shifty.shift", "pk": 41}, {"fields": {"comment": "", "stop": "2014-11-09T21:00:00.339Z", "start": "2014-11-09T17:00:00.339Z", "shift_type": 4, "event": 5, "volunteer": null}, "model": "shifty.shift", "pk": 42}, {"fields": {"comment": "", "stop": "2014-11-10T01:00:00.339Z", "start": "2014-11-09T21:00:00.339Z", "shift_type": 4, "event": 5, "volunteer": null}, "model": "shifty.shift", "pk": 43}, {"fields": {"comment": "", "stop": "2014-11-10T00:00:00.339Z", "start": "2014-11-09T16:00:00.339Z", "shift_type": 2, "event": 5, "volunteer": null}, "model": "shifty.shift", "pk": 44}, {"fields": {"comment": "", "stop": "2014-11-10T00:00:00.339Z", "start": "2014-11-09T16:00:00.339Z", "shift_type": 2, "event": 5, "volunteer": null}, "model": "shifty.shift", "pk": 45}]